"relative_path","size_bytes","last_write"
"ads_regulation\reading_guide.md","1225","2026-04-20 21:44:12"
"ai_safety\reading_guide.md","1739","2026-04-20 21:44:05"
"data_loop_sotif_scenario_library\data_loop\data_loop_knowledge_map.md","2522","2026-04-20 21:49:14"
"data_loop_sotif_scenario_library\datasets_and_tools\public_datasets_and_tools.md","1618","2026-04-20 21:49:42"
"data_loop_sotif_scenario_library\implementation_roadmap_template.md","1879","2026-04-20 21:50:01"
"data_loop_sotif_scenario_library\README.md","975","2026-04-20 21:57:14"
"data_loop_sotif_scenario_library\references_master_list.md","1676","2026-04-20 21:49:51"
"data_loop_sotif_scenario_library\sotif_scenario_library\noa_sotif_catalog_seed.csv","3386","2026-04-20 21:56:56"
"data_loop_sotif_scenario_library\sotif_scenario_library\noa_sotif_logical_params_template.csv","2669","2026-04-20 21:57:11"
"data_loop_sotif_scenario_library\sotif_scenario_library\noa_sotif_scenario_catalog_initial.md","3313","2026-04-20 21:56:40"
"data_loop_sotif_scenario_library\sotif_scenario_library\sotif_scenario_library_knowledge_map.md","2416","2026-04-20 21:49:32"
"fusa\reading_guide.md","1313","2026-04-20 21:43:44"
"integrated_fusa_sotif_ai_process_template.md","3430","2026-04-20 21:45:52"
"must_read_by_phase.md","3758","2026-04-20 21:45:35"
"README.md","1072","2026-04-20 21:45:58"
"references_quick_links.md","1197","2026-04-20 21:44:19"
"sotif\reading_guide.md","1205","2026-04-20 21:43:53"
